Scene,Resolution,Average FPS
bicycle,test,72.875977343017
flowers,test,74.99738940743124
garden,test,99.79784905301227
stump,test,86.31853635446893
treehill,test,86.30432724953188
counter,test,145.7722170090015
room,test,232.1784666482148
kitchen,test,169.343669250646
bonsai,test,213.22271363936758
truck,test,N/A
train,test,N/A
drjohnson,test,N/A
playroom,test,N/A
