dataset_path,gpu_id,image_folder,output_folder,psnr,test_LPIPS,test_PSNR,test_SSIM
/data/nerf_datasets/360/bicycle,0,images_4,output/bicycle_ifimages_4,23.968411125792784,0.2855244576931,24.948904037475586,0.7487289905548096
/data/nerf_datasets/360/garden,0,images_4,output/garden_ifimages_4,26.89149508887891,0.14493368566036224,26.771949768066406,0.8520416617393494
/data/nerf_datasets/360/stump,0,images_4,output/stump_ifimages_4,27.899853706222125,0.27362364530563354,26.32946014404297,0.7658940553665161
/data/nerf_datasets/360/treehill,0,images_4,output/treehill_ifimages_4,23.209408359597475,0.35195404291152954,22.839862823486328,0.6554439067840576
/data/nerf_datasets/360/flowers,0,images_4,output/flowers_ifimages_4,23.60176262228631,0.33907580375671387,21.38939094543457,0.6226308941841125
/data/nerf_datasets/360/room,0,images_2,output/room_ifimages_2,31.27078854817465,0.2719770669937134,29.534542083740234,0.916720449924469
/data/nerf_datasets/360/counter,0,images_2,output/counter_ifimages_2,29.369137180521445,0.24472375214099884,28.147502899169922,0.9055865406990051
