dataset_path,gpu_id,image_folder,output_folder,psnr,test_LPIPS,test_PSNR,test_SSIM
/optane/nerf_datasets/360/stump,3,images_4,output/stump_ifimages_4_r43,28.717658063533793,0.2844076454639435,25.980039596557617,0.7537642121315002
/optane/nerf_datasets/360/bicycle,1,images_4,output/bicycle_ifimages_4_r43,24.122277319407264,0.31931066513061523,24.61517333984375,0.7271172404289246
/optane/nerf_datasets/360/garden,2,images_4,output/garden_ifimages_4_r43,27.103151863613654,0.1653529703617096,26.78014373779297,0.8412582874298096
/optane/nerf_datasets/360/treehill,3,images_4,output/treehill_ifimages_4_r43,23.41298024886334,0.38696083426475525,22.648902893066406,0.6369692087173462
/optane/nerf_datasets/360/room,2,images_2,output/room_ifimages_2_r43,32.644605378922975,0.2925317585468292,30.868804931640625,0.9173460602760315
/optane/nerf_datasets/360/flowers,1,images_4,output/flowers_ifimages_4_r43,23.545958182195026,0.355453759431839,21.050395965576172,0.5963417291641235
/optane/nerf_datasets/360/counter,3,images_2,output/counter_ifimages_2_r43,30.344507847606458,0.25253134965896606,28.77854347229004,0.9037507176399231
